Unnamed: 0,Time,y
0,27/4/2013,1.3421
1,28/4/2013,1.4454
2,29/4/2013,1.39
3,30/4/2013,1.1699
4,1/5/2013,1.0521
5,2/5/2013,0.9775
6,3/5/2013,1.125
7,4/5/2013,1.1591
8,5/5/2013,1.123
9,6/5/2013,1.115
10,7/5/2013,1.1357
11,8/5/2013,1.1267
12,9/5/2013,1.172
13,10/5/2013,1.1523999999999999
14,11/5/2013,1.15
15,12/5/2013,1.1798
16,13/5/2013,1.115
17,14/5/2013,1.1421999999999999
18,15/5/2013,1.1876
19,16/5/2013,1.2302
20,17/5/2013,1.235
21,18/5/2013,1.2199
22,19/5/2013,1.22
23,20/5/2013,1.2288
24,21/5/2013,1.2389000000000001
25,22/5/2013,1.2670000000000001
26,23/5/2013,1.3319999999999999
27,24/5/2013,1.3197999999999999
28,25/5/2013,1.3348
29,26/5/2013,1.2975
30,27/5/2013,1.29
31,28/5/2013,1.3230000000000002
32,29/5/2013,1.288
33,30/5/2013,1.29
34,31/5/2013,1.2930000000000001
35,1/6/2013,1.2229
36,2/6/2013,1.2222
37,3/6/2013,1.2142
38,4/6/2013,1.2165000000000001
39,5/6/2013,1.18
40,6/6/2013,1.115
41,7/6/2013,1.083
42,8/6/2013,1.0
43,9/6/2013,1.0635
44,10/6/2013,1.089
45,11/6/2013,1.0815000000000001
46,12/6/2013,1.04
47,13/6/2013,0.9998
48,14/6/2013,0.9998999999999999
49,15/6/2013,0.9951000000000001
50,16/6/2013,1.0170000000000001
51,17/6/2013,1.074
52,18/6/2013,1.0825
53,19/6/2013,1.1015000000000001
54,20/6/2013,1.095
55,21/6/2013,1.083
56,22/6/2013,1.0759999999999998
57,23/6/2013,1.0273999999999999
58,24/6/2013,1.0395
59,25/6/2013,1.04
60,26/6/2013,1.0144
61,27/6/2013,0.9465
62,28/6/2013,0.9499
63,29/6/2013,0.9661
64,30/6/2013,0.8805
65,1/7/2013,0.9013
66,2/7/2013,0.7753
67,3/7/2013,0.8053
68,4/7/2013,0.6843
69,5/7/2013,0.7028
70,6/7/2013,0.7456
71,7/7/2013,0.7652
72,8/7/2013,0.7669
73,9/7/2013,0.8676
74,10/7/2013,0.8898
75,11/7/2013,0.9359000000000001
76,12/7/2013,0.9813
77,13/7/2013,0.9469
78,14/7/2013,0.9840000000000001
79,15/7/2013,0.9745
80,16/7/2013,0.985
81,17/7/2013,0.9057999999999999
82,18/7/2013,0.9217
83,19/7/2013,0.8939
84,20/7/2013,0.9076000000000001
85,21/7/2013,0.9161
86,22/7/2013,0.9556
87,23/7/2013,0.9451
88,24/7/2013,0.9690000000000001
89,25/7/2013,0.9601999999999999
90,26/7/2013,0.9412
91,27/7/2013,0.9976
92,28/7/2013,1.012
93,29/7/2013,1.0798999999999999
94,30/7/2013,1.0609
95,31/7/2013,1.04
96,1/8/2013,1.045
97,2/8/2013,1.04
98,3/8/2013,1.0514000000000001
99,4/8/2013,1.0622
100,5/8/2013,1.0675
101,6/8/2013,1.0675
102,7/8/2013,1.03
103,8/8/2013,1.028
104,9/8/2013,1.03
105,10/8/2013,1.05
106,11/8/2013,1.0664
107,12/8/2013,1.09
108,13/8/2013,1.1256
109,14/8/2013,1.0998999999999999
110,15/8/2013,1.0898999999999999
111,16/8/2013,1.135
112,17/8/2013,1.135
113,18/8/2013,1.19
114,19/8/2013,1.212
115,20/8/2013,1.2329999999999999
116,21/8/2013,1.2115
117,22/8/2013,1.185
118,23/8/2013,1.2005
119,24/8/2013,1.2211
120,25/8/2013,1.2006000000000001
121,26/8/2013,1.265
122,27/8/2013,1.2262
123,28/8/2013,1.2239
124,29/8/2013,1.3349000000000002
125,30/8/2013,1.3535
126,31/8/2013,1.3834
127,1/9/2013,1.3585
128,2/9/2013,1.3677000000000001
129,3/9/2013,1.2673999999999999
130,4/9/2013,1.2643
131,5/9/2013,1.1915
132,6/9/2013,1.2415
133,7/9/2013,1.2166
134,8/9/2013,1.2711
135,9/9/2013,1.2590999999999999
136,10/9/2013,1.3525
137,11/9/2013,1.3313
138,12/9/2013,1.3497999999999999
139,13/9/2013,1.2922
140,14/9/2013,1.3037
141,15/9/2013,1.3172
142,16/9/2013,1.3166
143,17/9/2013,1.3147
144,18/9/2013,1.2965
145,19/9/2013,1.2704
146,20/9/2013,1.2743
147,21/9/2013,1.2912000000000001
148,22/9/2013,1.2595
149,23/9/2013,1.2725
150,24/9/2013,1.2822
151,25/9/2013,1.2838
152,26/9/2013,1.3378
153,27/9/2013,1.3478
154,28/9/2013,1.3734
155,29/9/2013,1.33
156,30/9/2013,1.3218
157,1/10/2013,1.1413
158,2/10/2013,1.2363
159,3/10/2013,1.2900999999999998
160,4/10/2013,1.2855
161,5/10/2013,1.29
162,6/10/2013,1.2694
163,7/10/2013,1.26
164,8/10/2013,1.3069
165,9/10/2013,1.3059
166,10/10/2013,1.3090000000000002
167,11/10/2013,1.3518999999999999
168,12/10/2013,1.3813
169,13/10/2013,1.4052
170,14/10/2013,1.4524000000000001
171,15/10/2013,1.4255000000000002
172,16/10/2013,1.4625
173,17/10/2013,1.5596
174,18/10/2013,1.7242
175,19/10/2013,1.7461000000000002
176,20/10/2013,1.8221
177,21/10/2013,1.9376
178,22/10/2013,2.1362
179,23/10/2013,1.9823
180,24/10/2013,1.8669
181,25/10/2013,1.7731999999999999
182,26/10/2013,1.9644
183,27/10/2013,1.9855
184,28/10/2013,2.0439
185,29/10/2013,1.9997
186,30/10/2013,2.04
187,31/10/2013,2.0618
188,1/11/2013,2.0622
189,2/11/2013,2.1505
190,3/11/2013,2.291
191,4/11/2013,2.4524
192,5/11/2013,2.625
193,6/11/2013,2.9641
194,7/11/2013,3.3811
195,8/11/2013,3.3911000000000002
196,9/11/2013,3.2662
197,10/11/2013,3.4244
198,11/11/2013,3.6033
199,12/11/2013,4.0737
200,13/11/2013,4.202
201,14/11/2013,4.1795
202,15/11/2013,4.402200000000001
203,16/11/2013,4.9211
204,17/11/2013,7.0356
205,18/11/2013,5.8461
206,19/11/2013,5.9083000000000006
207,20/11/2013,7.2242999999999995
208,21/11/2013,7.7144
209,22/11/2013,7.9782
210,23/11/2013,7.7425
211,24/11/2013,7.9911
212,25/11/2013,9.281
213,26/11/2013,10.0196
214,27/11/2013,10.3195
215,28/11/2013,11.319700000000001
216,29/11/2013,11.2943
217,30/11/2013,9.5585
218,1/12/2013,10.4333
219,2/12/2013,10.7828
220,3/12/2013,11.511700000000001
221,4/12/2013,10.451099999999999
222,5/12/2013,8.294500000000001
223,6/12/2013,6.9823
224,7/12/2013,7.9587
225,8/12/2013,8.9319
226,9/12/2013,9.8851
227,10/12/2013,8.7848
228,11/12/2013,8.7326
229,12/12/2013,8.9258
230,13/12/2013,8.726
231,14/12/2013,8.7612
232,15/12/2013,7.0597
233,16/12/2013,6.8212
234,17/12/2013,5.227
235,18/12/2013,6.9196
236,19/12/2013,6.2532000000000005
237,20/12/2013,6.0565999999999995
238,21/12/2013,6.171799999999999
239,22/12/2013,6.7341
240,23/12/2013,6.6558
241,24/12/2013,6.822100000000001
242,25/12/2013,7.619800000000001
243,26/12/2013,7.350700000000001
244,27/12/2013,7.278300000000001
245,28/12/2013,7.4505
246,29/12/2013,7.5613
247,30/12/2013,7.5401
248,31/12/2013,7.7139999999999995
249,1/1/2014,8.0239
250,2/1/2014,8.1872
251,3/1/2014,8.5951
252,4/1/2014,9.3353
253,5/1/2014,9.5329
254,6/1/2014,8.02
255,7/1/2014,8.427200000000001
256,8/1/2014,8.4686
257,9/1/2014,8.684800000000001
258,10/1/2014,9.1395
259,11/1/2014,8.632200000000001
260,12/1/2014,8.412
261,13/1/2014,8.332699999999999
262,14/1/2014,8.609
263,15/1/2014,8.3563
264,16/1/2014,8.1464
265,17/1/2014,8.4
266,18/1/2014,8.7096
267,19/1/2014,8.702
268,20/1/2014,8.6391
269,21/1/2014,8.4559
270,22/1/2014,8.2204
271,23/1/2014,7.970700000000001
272,24/1/2014,8.5361
273,25/1/2014,8.8528
274,26/1/2014,7.7139
275,27/1/2014,8.1251
276,28/1/2014,8.26
277,29/1/2014,8.1903
278,30/1/2014,8.299199999999999
279,31/1/2014,8.325800000000001
280,1/2/2014,8.2537
281,2/2/2014,8.2383
282,3/2/2014,8.2796
283,4/2/2014,8.1191
284,5/2/2014,7.815499999999999
285,6/2/2014,7.124
286,7/2/2014,6.739199999999999
287,8/2/2014,6.829
288,9/2/2014,6.8103
289,10/2/2014,6.721699999999999
290,11/2/2014,6.5172
291,12/2/2014,6.0524000000000004
292,13/2/2014,6.6199
293,14/2/2014,6.5092
294,15/2/2014,6.1663
295,16/2/2014,6.2627
296,17/2/2014,6.266
297,18/2/2014,6.2303
298,19/2/2014,5.5614
299,20/2/2014,5.7416
300,21/2/2014,6.0542
301,22/2/2014,6.0582
302,23/2/2014,5.4632000000000005
303,24/2/2014,5.3871
304,25/2/2014,5.8269
305,26/2/2014,5.7877
306,27/2/2014,5.4925999999999995
307,28/2/2014,5.6561
308,1/3/2014,5.597899999999999
309,2/3/2014,6.6776
310,3/3/2014,6.6678
311,4/3/2014,6.6551
312,5/3/2014,6.6386
313,6/3/2014,6.2915
314,7/3/2014,6.1745
315,8/3/2014,6.3696
316,9/3/2014,6.2779
317,10/3/2014,6.3411
318,11/3/2014,6.321000000000001
319,12/3/2014,6.3814
320,13/3/2014,6.287999999999999
321,14/3/2014,6.3612
322,15/3/2014,6.3111
323,16/3/2014,6.2237
324,17/3/2014,6.148300000000001
325,18/3/2014,6.0988999999999995
326,19/3/2014,5.8877
327,20/3/2014,5.7149
328,21/3/2014,5.650399999999999
329,22/3/2014,5.6127
330,23/3/2014,5.834099999999999
331,24/3/2014,5.8392
332,25/3/2014,5.8083
333,26/3/2014,4.7124
334,27/3/2014,4.9567000000000005
335,28/3/2014,4.9117
336,29/3/2014,4.6027
337,30/3/2014,4.57
338,31/3/2014,4.7838
339,1/4/2014,4.3713999999999995
340,2/4/2014,4.4472000000000005
341,3/4/2014,4.4753
342,4/4/2014,4.6191
343,5/4/2014,4.605
344,6/4/2014,4.4942
345,7/4/2014,4.5309
346,8/4/2014,4.4273
347,9/4/2014,3.6518
348,10/4/2014,4.2095
349,11/4/2014,4.2112
350,12/4/2014,4.1406
351,13/4/2014,4.5879
352,14/4/2014,5.1559
353,15/4/2014,5.2739
354,16/4/2014,4.9596
355,17/4/2014,4.7964
356,18/4/2014,5.0156
357,19/4/2014,4.9817
358,20/4/2014,4.9577
359,21/4/2014,4.8792
360,22/4/2014,4.913
361,23/4/2014,5.0046
362,24/4/2014,4.6145
363,25/4/2014,4.586
364,26/4/2014,4.3639
365,27/4/2014,4.4029
366,28/4/2014,4.4721
367,29/4/2014,4.4764
368,30/4/2014,4.5776
369,1/5/2014,4.4938
370,2/5/2014,4.3776
371,3/5/2014,4.364
372,4/5/2014,4.3348
373,5/5/2014,4.2896
374,6/5/2014,4.3882
375,7/5/2014,4.4017
376,8/5/2014,4.4946
377,9/5/2014,4.5443
378,10/5/2014,4.3889
379,11/5/2014,4.4146
380,12/5/2014,4.4067
381,13/5/2014,4.4397
382,14/5/2014,4.4725
383,15/5/2014,4.4806
384,16/5/2014,4.489
385,17/5/2014,4.4626
386,18/5/2014,4.4618
387,19/5/2014,4.857200000000001
388,20/5/2014,4.9177
389,21/5/2014,5.2458
390,22/5/2014,5.2022
391,23/5/2014,5.2514
392,24/5/2014,5.7159
393,25/5/2014,5.834199999999999
394,26/5/2014,5.7124
395,27/5/2014,5.770599999999999
396,28/5/2014,5.681799999999999
397,29/5/2014,6.153300000000001
398,30/5/2014,6.2368
399,31/5/2014,6.3023
400,1/6/2014,6.6062
401,2/6/2014,6.6761
402,3/6/2014,6.4161
403,4/6/2014,6.5926
404,5/6/2014,6.537000000000001
405,6/6/2014,6.5497000000000005
406,7/6/2014,6.5614
407,8/6/2014,6.4916
408,9/6/2014,6.531499999999999
409,10/6/2014,6.3302
410,11/6/2014,5.8695
411,12/6/2014,6.0016
412,13/6/2014,5.7736
413,14/6/2014,5.9294
414,15/6/2014,5.921900000000001
415,16/6/2014,6.1086
416,17/6/2014,6.0796
417,18/6/2014,5.980700000000001
418,19/6/2014,5.9415
419,20/6/2014,5.9499
420,21/6/2014,6.0226999999999995
421,22/6/2014,5.9398
422,23/6/2014,5.8236
423,24/6/2014,5.6634
424,25/6/2014,5.8114
425,26/6/2014,5.9726
426,27/6/2014,5.9655
427,28/6/2014,6.027200000000001
428,29/6/2014,6.398
429,30/6/2014,6.408099999999999
430,1/7/2014,6.5088
431,2/7/2014,6.4516
432,3/7/2014,6.306900000000001
433,4/7/2014,6.3146
434,5/7/2014,6.358099999999999
435,6/7/2014,6.2409
436,7/7/2014,6.248200000000001
437,8/7/2014,6.2451
438,9/7/2014,6.1676
439,10/7/2014,6.32
440,11/7/2014,6.3371
441,12/7/2014,6.265
442,13/7/2014,6.193200000000001
443,14/7/2014,6.2159
444,15/7/2014,6.167999999999999
445,16/7/2014,6.2309
446,17/7/2014,6.2878
447,18/7/2014,6.2851
448,19/7/2014,6.239
449,20/7/2014,6.2221
450,21/7/2014,6.2155
451,22/7/2014,6.1941
452,23/7/2014,6.0173000000000005
453,24/7/2014,6.0109
454,25/7/2014,5.958099999999999
455,26/7/2014,5.9385
456,27/7/2014,5.8569
457,28/7/2014,5.847300000000001
458,29/7/2014,5.672899999999999
459,30/7/2014,5.8624
460,31/7/2014,5.949199999999999
461,1/8/2014,5.8933
462,2/8/2014,5.8667
463,3/8/2014,5.8877999999999995
464,4/8/2014,5.854400000000001
465,5/8/2014,5.8465
466,6/8/2014,5.8887
467,7/8/2014,5.925800000000001
468,8/8/2014,5.8937
469,9/8/2014,5.9106
470,10/8/2014,5.7637
471,11/8/2014,5.6964
472,12/8/2014,5.4666
473,13/8/2014,5.0597
474,14/8/2014,4.9700999999999995
475,15/8/2014,5.197100000000001
476,16/8/2014,4.918
477,17/8/2014,4.614599999999999
478,18/8/2014,4.8525
479,19/8/2014,5.119800000000001
480,20/8/2014,5.1724
481,21/8/2014,5.1404
482,22/8/2014,4.9807
483,23/8/2014,5.0829
484,24/8/2014,5.025
485,25/8/2014,5.1157
486,26/8/2014,5.1114999999999995
487,27/8/2014,5.0781
488,28/8/2014,5.0851999999999995
489,29/8/2014,5.0425
490,30/8/2014,4.7776
491,31/8/2014,4.7488
492,1/9/2014,4.7743
493,2/9/2014,4.7759
494,3/9/2014,4.8966
495,4/9/2014,4.8334
496,5/9/2014,4.8483
497,6/9/2014,4.8228
498,7/9/2014,4.746
499,8/9/2014,4.7526
500,9/9/2014,4.7936000000000005
501,10/9/2014,4.7975
502,11/9/2014,4.7775
503,12/9/2014,4.79
504,13/9/2014,4.7789
505,14/9/2014,4.7537
506,15/9/2014,4.6606
507,16/9/2014,4.5733
508,17/9/2014,4.2444
509,18/9/2014,3.948
510,19/9/2014,4.0889999999999995
511,20/9/2014,3.9882
512,21/9/2014,4.0215
513,22/9/2014,4.3579
514,23/9/2014,4.232
515,24/9/2014,4.1157
516,25/9/2014,4.0443
517,26/9/2014,3.9951999999999996
518,27/9/2014,3.7718000000000003
519,28/9/2014,3.7547
520,29/9/2014,3.8694
521,30/9/2014,3.8362
522,1/10/2014,3.7507
523,2/10/2014,3.5951
524,3/10/2014,3.2887
525,4/10/2014,3.2051
526,5/10/2014,3.3007999999999997
527,6/10/2014,3.3619
528,7/10/2014,3.5294
529,8/10/2014,3.6502999999999997
530,9/10/2014,3.6156
531,10/10/2014,3.623
532,11/10/2014,3.7855000000000003
533,12/10/2014,3.9041
534,13/10/2014,4.0087
535,14/10/2014,3.9476999999999998
536,15/10/2014,3.8256
537,16/10/2014,3.8376
538,17/10/2014,3.9144
539,18/10/2014,3.8955
540,19/10/2014,3.8285
541,20/10/2014,3.8648000000000002
542,21/10/2014,3.8316000000000003
543,22/10/2014,3.5842
544,23/10/2014,3.5835000000000004
545,24/10/2014,3.4726999999999997
546,25/10/2014,3.5469999999999997
547,26/10/2014,3.5299
548,27/10/2014,3.5762
549,28/10/2014,3.3558999999999997
550,29/10/2014,3.4531
551,30/10/2014,3.3832
552,31/10/2014,3.2575
553,1/11/2014,3.2588999999999997
554,2/11/2014,3.2755
555,3/11/2014,3.3049
556,4/11/2014,3.3949000000000003
557,5/11/2014,3.4929
558,6/11/2014,3.4242000000000004
559,7/11/2014,3.4549000000000003
560,8/11/2014,3.6326
561,9/11/2014,3.6692
562,10/11/2014,3.6769
563,11/11/2014,4.2356
564,12/11/2014,4.2074
565,13/11/2014,3.9781999999999997
566,14/11/2014,3.7613
567,15/11/2014,3.8788
568,16/11/2014,3.8741000000000003
569,17/11/2014,3.752
570,18/11/2014,3.8056
571,19/11/2014,3.5784
572,20/11/2014,3.5085
573,21/11/2014,3.5292000000000003
574,22/11/2014,3.6757
575,23/11/2014,3.7689999999999997
576,24/11/2014,3.7535000000000003
577,25/11/2014,3.6837
578,26/11/2014,3.6967000000000003
579,27/11/2014,3.7645
580,28/11/2014,3.7549
581,29/11/2014,3.7805
582,30/11/2014,3.7925
583,1/12/2014,3.8131
584,2/12/2014,3.7500999999999998
585,3/12/2014,3.696
586,4/12/2014,3.7685000000000004
587,5/12/2014,3.7479
588,6/12/2014,3.7510000000000003
589,7/12/2014,3.6191000000000004
590,8/12/2014,3.5222
591,9/12/2014,3.4637000000000002
592,10/12/2014,3.5051
593,11/12/2014,3.5254000000000003
594,12/12/2014,3.4737999999999998
595,13/12/2014,3.5162999999999998
596,14/12/2014,3.4535
597,15/12/2014,3.2706
598,16/12/2014,3.1977999999999995
599,17/12/2014,3.114
600,18/12/2014,3.1784
601,19/12/2014,3.2996
602,20/12/2014,3.2083999999999997
603,21/12/2014,3.3188999999999997
604,22/12/2014,3.3457
605,23/12/2014,3.2253
606,24/12/2014,3.1900999999999997
607,25/12/2014,3.2792000000000003
608,26/12/2014,3.1586000000000003
609,27/12/2014,3.1724
610,28/12/2014,3.1267
611,29/12/2014,3.1074
612,30/12/2014,3.2019
613,31/12/2014,3.1425
614,1/1/2015,3.1502999999999997
615,2/1/2015,2.8108
616,3/1/2015,2.6419
617,4/1/2015,2.7447000000000004
618,5/1/2015,2.8619
619,6/1/2015,2.9433999999999996
620,7/1/2015,2.8335000000000004
621,8/1/2015,2.9041
622,9/1/2015,2.748
623,10/1/2015,2.6566
624,11/1/2015,2.678
625,12/1/2015,2.2586
626,13/1/2015,1.781
627,14/1/2015,2.0984
628,15/1/2015,2.081
629,16/1/2015,1.9926
630,17/1/2015,2.1034
631,18/1/2015,2.1486
632,19/1/2015,2.1131
633,20/1/2015,2.269
634,21/1/2015,2.3341
635,22/1/2015,2.3287999999999998
636,23/1/2015,2.4785
637,24/1/2015,2.5372
638,25/1/2015,2.7347
639,26/1/2015,2.6348000000000003
640,27/1/2015,2.3391
641,28/1/2015,2.3350999999999997
642,29/1/2015,2.2643
643,30/1/2015,2.1746
644,31/1/2015,2.2697
645,1/2/2015,2.3823
646,2/2/2015,2.2727
647,3/2/2015,2.2685
648,4/2/2015,2.1711
649,5/2/2015,2.2227
650,6/2/2015,2.2775
651,7/2/2015,2.2340999999999998
652,8/2/2015,2.2011000000000003
653,9/2/2015,2.1984
654,10/2/2015,2.1919
655,11/2/2015,2.2176
656,12/2/2015,2.3543000000000003
657,13/2/2015,2.5732
658,14/2/2015,2.3482
659,15/2/2015,2.3384
660,16/2/2015,2.4361
661,17/2/2015,2.3633
662,18/2/2015,2.4028
663,19/2/2015,2.4378
664,20/2/2015,2.4453
665,21/2/2015,2.3598
666,22/2/2015,2.3889
667,23/2/2015,2.3874
668,24/2/2015,2.3747
669,25/2/2015,2.3643
670,26/2/2015,2.5383
671,27/2/2015,2.5425999999999997
672,28/2/2015,2.602
673,1/3/2015,2.7567000000000004
674,2/3/2015,2.8169999999999997
675,3/3/2015,2.7308999999999997
676,4/3/2015,2.7618
677,5/3/2015,2.7272000000000003
678,6/3/2015,2.7626
679,7/3/2015,2.7435
680,8/3/2015,2.8961
681,9/3/2015,2.9175999999999997
682,10/3/2015,2.9638
683,11/3/2015,2.9435000000000002
684,12/3/2015,2.8533999999999997
685,13/3/2015,2.8188
686,14/3/2015,2.8638999999999997
687,15/3/2015,2.9059
688,16/3/2015,2.855
689,17/3/2015,2.563
690,18/3/2015,2.6093
691,19/3/2015,2.6175
692,20/3/2015,2.6001999999999996
693,21/3/2015,2.6795999999999998
694,22/3/2015,2.6674
695,23/3/2015,2.4559
696,24/3/2015,2.4619999999999997
697,25/3/2015,2.4853
698,26/3/2015,2.4703
699,27/3/2015,2.528
700,28/3/2015,2.4271000000000003
701,29/3/2015,2.4753
702,30/3/2015,2.4422
703,31/3/2015,2.4727
704,1/4/2015,2.53
705,2/4/2015,2.5432
706,3/4/2015,2.537
707,4/4/2015,2.6060000000000003
708,5/4/2015,2.5549
709,6/4/2015,2.5318
710,7/4/2015,2.4502
711,8/4/2015,2.4368
712,9/4/2015,2.3607
713,10/4/2015,2.3655
714,11/4/2015,2.3615
715,12/4/2015,2.2459000000000002
716,13/4/2015,2.1915999999999998
717,14/4/2015,2.2383
718,15/4/2015,2.2857
719,16/4/2015,2.2288
720,17/4/2015,2.2336
721,18/4/2015,2.226
722,19/4/2015,2.2462999999999997
723,20/4/2015,2.3527
724,21/4/2015,2.3418
725,22/4/2015,2.3646000000000003
726,23/4/2015,2.3127
727,24/4/2015,2.2639
728,25/4/2015,2.1943
729,26/4/2015,2.2929
730,27/4/2015,2.2584999999999997
731,28/4/2015,2.2581
732,29/4/2015,2.3615
733,30/4/2015,2.3208
734,1/5/2015,2.3493
735,2/5/2015,2.4036
736,3/5/2015,2.3902
737,4/5/2015,2.3612
738,5/5/2015,2.2978
739,6/5/2015,2.3733
740,7/5/2015,2.4386
741,8/5/2015,2.4183000000000003
742,9/5/2015,2.403
743,10/5/2015,2.4215999999999998
744,11/5/2015,2.4111000000000002
745,12/5/2015,2.3638
746,13/5/2015,2.3693
747,14/5/2015,2.376
748,15/5/2015,2.3615
749,16/5/2015,2.3680000000000003
750,17/5/2015,2.3313
751,18/5/2015,2.3194999999999997
752,19/5/2015,2.3402000000000003
753,20/5/2015,2.3534
754,21/5/2015,2.4034999999999997
755,22/5/2015,2.3887
756,23/5/2015,2.4095
757,24/5/2015,2.3711
758,25/5/2015,2.3712
759,26/5/2015,2.3728
760,27/5/2015,2.3741
761,28/5/2015,2.371
762,29/5/2015,2.3334
763,30/5/2015,2.3019
764,31/5/2015,2.2293000000000003
765,1/6/2015,2.258
766,2/6/2015,2.2587
767,3/6/2015,2.2432
768,4/6/2015,2.2495
769,5/6/2015,2.2562
770,6/6/2015,2.2288
771,7/6/2015,2.2849
772,8/6/2015,2.2905
773,9/6/2015,2.2880000000000003
774,10/6/2015,2.2971
775,11/6/2015,2.2998
776,12/6/2015,2.324
777,13/6/2015,2.3354
778,14/6/2015,2.3682
779,15/6/2015,2.509
780,16/6/2015,2.4928
781,17/6/2015,2.4901
782,18/6/2015,2.4461
783,19/6/2015,2.4521
784,20/6/2015,2.4394
785,21/6/2015,2.4699
786,22/6/2015,2.443
787,23/6/2015,2.4051
788,24/6/2015,2.428
789,25/6/2015,2.4359
790,26/6/2015,2.5099
791,27/6/2015,2.4901
792,28/6/2015,2.5706
793,29/6/2015,2.6307
794,30/6/2015,2.5862
795,1/7/2015,2.5541
796,2/7/2015,2.5633999999999997
797,3/7/2015,2.6088999999999998
798,4/7/2015,2.7191
799,5/7/2015,2.6902999999999997
800,6/7/2015,2.6620999999999997
801,7/7/2015,2.7079000000000004
802,8/7/2015,2.6923000000000004
803,9/7/2015,2.8489
804,10/7/2015,2.9312
805,11/7/2015,3.1087000000000002
806,12/7/2015,2.9205
807,13/7/2015,2.8745999999999996
808,14/7/2015,2.8583
809,15/7/2015,2.7809
810,16/7/2015,2.7947
811,17/7/2015,2.7489999999999997
812,18/7/2015,2.7361
813,19/7/2015,2.7898
814,20/7/2015,2.7582999999999998
815,21/7/2015,2.7722
816,22/7/2015,2.7605
817,23/7/2015,2.8827999999999996
818,24/7/2015,2.887
819,25/7/2015,2.9269
820,26/7/2015,2.9362
821,27/7/2015,2.9443
822,28/7/2015,2.8958999999999997
823,29/7/2015,2.8772
824,30/7/2015,2.8465
825,31/7/2015,2.8160000000000003
826,1/8/2015,2.8261000000000003
827,2/8/2015,2.8123
828,3/8/2015,2.8522000000000003
829,4/8/2015,2.8188
830,5/8/2015,2.7858
831,6/8/2015,2.7958
832,7/8/2015,2.61
833,8/8/2015,2.6508
834,9/8/2015,2.6447000000000003
835,10/8/2015,2.7039
836,11/8/2015,2.6638
837,12/8/2015,2.6408
838,13/8/2015,2.6568
839,14/8/2015,2.6155
840,15/8/2015,2.5850999999999997
841,16/8/2015,2.5798
842,17/8/2015,2.1108000000000002
843,18/8/2015,2.2668
844,19/8/2015,2.3535
845,20/8/2015,2.3257
846,21/8/2015,2.3039
847,22/8/2015,2.2817
848,23/8/2015,2.105
849,24/8/2015,2.2161
850,25/8/2015,2.2583
851,26/8/2015,2.2477
852,27/8/2015,2.314
853,28/8/2015,2.2978
854,29/8/2015,2.2876
855,30/8/2015,2.3006
856,31/8/2015,2.2812
857,1/9/2015,2.2928
858,2/9/2015,2.2718000000000003
859,3/9/2015,2.303
860,4/9/2015,2.3502
861,5/9/2015,2.3984
862,6/9/2015,2.3985
863,7/9/2015,2.4361
864,8/9/2015,2.3817
865,9/9/2015,2.3848
866,10/9/2015,2.4011
867,11/9/2015,2.3523
868,12/9/2015,2.3051
869,13/9/2015,2.3064
870,14/9/2015,2.303
871,15/9/2015,2.2909
872,16/9/2015,2.2981
873,17/9/2015,2.3297
874,18/9/2015,2.3149
875,19/9/2015,2.3121
876,20/9/2015,2.2709
877,21/9/2015,2.3062
878,22/9/2015,2.3028
879,23/9/2015,2.3453
880,24/9/2015,2.3514
881,25/9/2015,2.3434
882,26/9/2015,2.3276
883,27/9/2015,2.3914
884,28/9/2015,2.3669
885,29/9/2015,2.3606
886,30/9/2015,2.3755
887,1/10/2015,2.3729
888,2/10/2015,2.3872999999999998
889,3/10/2015,2.3826
890,4/10/2015,2.4038
891,5/10/2015,2.4606
892,6/10/2015,2.4297
893,7/10/2015,2.423
894,8/10/2015,2.4393000000000002
895,9/10/2015,2.4494
896,10/10/2015,2.4705
897,11/10/2015,2.4531
898,12/10/2015,2.4951
899,13/10/2015,2.5199000000000003
900,14/10/2015,2.5432
901,15/10/2015,2.6287000000000003
902,16/10/2015,2.7064
903,17/10/2015,2.6164
904,18/10/2015,2.6344
905,19/10/2015,2.6946
906,20/10/2015,2.6626999999999996
907,21/10/2015,2.7401999999999997
908,22/10/2015,2.765
909,23/10/2015,2.8164999999999996
910,24/10/2015,2.8368
911,25/10/2015,2.853
912,26/10/2015,2.9379000000000004
913,27/10/2015,3.0462000000000002
914,28/10/2015,3.1386000000000003
915,29/10/2015,3.2801
916,30/10/2015,3.1417
917,31/10/2015,3.2543
918,1/11/2015,3.6119
919,2/11/2015,4.0342
920,3/11/2015,4.1156
921,4/11/2015,3.8635
922,5/11/2015,3.7447000000000004
923,6/11/2015,3.8648000000000002
924,7/11/2015,3.7337000000000002
925,8/11/2015,3.8026
926,9/11/2015,3.3682
927,10/11/2015,3.1108
928,11/11/2015,3.3815
929,12/11/2015,3.3675
930,13/11/2015,3.3291000000000004
931,14/11/2015,3.2017
932,15/11/2015,3.3075
933,16/11/2015,3.3508999999999998
934,17/11/2015,3.3459
935,18/11/2015,3.2615
936,19/11/2015,3.2201999999999997
937,20/11/2015,3.2693
938,21/11/2015,3.2454
939,22/11/2015,3.2305
940,23/11/2015,3.2005
941,24/11/2015,3.2821
942,25/11/2015,3.5268
943,26/11/2015,3.5804
944,27/11/2015,3.5738
945,28/11/2015,3.7129000000000003
946,29/11/2015,3.7732
947,30/11/2015,3.6249000000000002
948,1/12/2015,3.5919
949,2/12/2015,3.6105
950,3/12/2015,3.6318
951,4/12/2015,3.8895
952,5/12/2015,3.8878
953,6/12/2015,3.9554
954,7/12/2015,4.1556
955,8/12/2015,4.1756
956,9/12/2015,4.1548
957,10/12/2015,4.5194
958,11/12/2015,4.35
959,12/12/2015,4.3375
960,13/12/2015,4.4418
961,14/12/2015,4.6532
962,15/12/2015,4.5493
963,16/12/2015,4.5607999999999995
964,17/12/2015,4.6362
965,18/12/2015,4.6232
966,19/12/2015,4.4269
967,20/12/2015,4.3864
968,21/12/2015,4.3657
969,22/12/2015,4.4239999999999995
970,23/12/2015,4.5499
971,24/12/2015,4.5565
972,25/12/2015,4.1727
973,26/12/2015,4.2282
974,27/12/2015,4.222799999999999
975,28/12/2015,4.3298000000000005
976,29/12/2015,4.2662
977,30/12/2015,4.3057
978,31/12/2015,4.3433
979,1/1/2016,4.3344
980,2/1/2016,4.3001
981,3/1/2016,4.3309
982,4/1/2016,4.319599999999999
983,5/1/2016,4.2911
984,6/1/2016,4.5805
985,7/1/2016,4.5323
986,8/1/2016,4.4761
987,9/1/2016,4.4799
988,10/1/2016,4.4843
989,11/1/2016,4.3568999999999996
990,12/1/2016,4.3237
991,13/1/2016,4.3031
992,14/1/2016,3.6433
993,15/1/2016,3.8754000000000004
994,16/1/2016,3.823
995,17/1/2016,3.8717
996,18/1/2016,3.8015
997,19/1/2016,4.2023
998,20/1/2016,4.1026
999,21/1/2016,3.8249
1000,22/1/2016,3.8749000000000002
1001,23/1/2016,4.0297
1002,24/1/2016,3.9173
1003,25/1/2016,3.9215
1004,26/1/2016,3.9497000000000004
1005,27/1/2016,3.8029
1006,28/1/2016,3.7947
1007,29/1/2016,3.7825
1008,30/1/2016,3.6877
1009,31/1/2016,3.7306
1010,1/2/2016,3.7445
1011,2/2/2016,3.6995
1012,3/2/2016,3.8958999999999997
1013,4/2/2016,3.8655
1014,5/2/2016,3.7651999999999997
1015,6/2/2016,3.7662
1016,7/2/2016,3.7344999999999997
1017,8/2/2016,3.7602999999999995
1018,9/2/2016,3.8164999999999996
1019,10/2/2016,3.7965
1020,11/2/2016,3.8426
1021,12/2/2016,3.9186
1022,13/2/2016,4.0723
1023,14/2/2016,4.0019
1024,15/2/2016,4.0749
1025,16/2/2016,4.1632
1026,17/2/2016,4.2237
1027,18/2/2016,4.2079
1028,19/2/2016,4.3716
1029,20/2/2016,4.388
1030,21/2/2016,4.3775
1031,22/2/2016,4.2074
1032,23/2/2016,4.2495
1033,24/2/2016,4.2454
1034,25/2/2016,4.3214999999999995
1035,26/2/2016,4.3252
1036,27/2/2016,4.335
1037,28/2/2016,4.377
1038,29/2/2016,4.3512
1039,1/3/2016,4.2399000000000004
1040,2/3/2016,4.2165
1041,3/3/2016,4.1094
1042,4/3/2016,4.0057
1043,5/3/2016,4.0771
1044,6/3/2016,4.1432
1045,7/3/2016,4.1397
1046,8/3/2016,4.1486
1047,9/3/2016,4.1713
1048,10/3/2016,4.2169
1049,11/3/2016,4.1162
1050,12/3/2016,4.1406
1051,13/3/2016,4.1644
1052,14/3/2016,4.1682999999999995
1053,15/3/2016,4.1701
1054,16/3/2016,4.2062
1055,17/3/2016,4.0955
1056,18/3/2016,4.1044
1057,19/3/2016,4.1375
1058,20/3/2016,4.1331
1059,21/3/2016,4.180899999999999
1060,22/3/2016,4.180400000000001
1061,23/3/2016,4.1639
1062,24/3/2016,4.1718
1063,25/3/2016,4.1794
1064,26/3/2016,4.2676
1065,27/3/2016,4.2423
1066,28/3/2016,4.1652
1067,29/3/2016,4.1482
1068,30/3/2016,4.1673
1069,31/3/2016,4.1796
1070,1/4/2016,4.2087
1071,2/4/2016,4.209
1072,3/4/2016,4.2144
1073,4/4/2016,4.2402999999999995
1074,5/4/2016,4.234100000000001
1075,6/4/2016,4.2275
1076,7/4/2016,4.2035
1077,8/4/2016,4.194100000000001
1078,9/4/2016,4.2156
1079,10/4/2016,4.2248
1080,11/4/2016,4.2519
1081,12/4/2016,4.2373
1082,13/4/2016,4.2428
1083,14/4/2016,4.2970999999999995
1084,15/4/2016,4.3057
1085,16/4/2016,4.274
1086,17/4/2016,4.2859
1087,18/4/2016,4.3551
1088,19/4/2016,4.4139
1089,20/4/2016,4.4943
1090,21/4/2016,4.4574
1091,22/4/2016,4.5028
1092,23/4/2016,4.5856
1093,24/4/2016,4.6143
1094,25/4/2016,4.6609
1095,26/4/2016,4.4469
1096,27/4/2016,4.4901
1097,28/4/2016,4.551
1098,29/4/2016,4.4832
1099,30/4/2016,4.5188
1100,1/5/2016,4.4467
1101,2/5/2016,4.503
1102,3/5/2016,4.4672
1103,4/5/2016,4.4798
1104,5/5/2016,4.596
1105,6/5/2016,4.5854
1106,7/5/2016,4.5855
1107,8/5/2016,4.6048
1108,9/5/2016,4.5089
1109,10/5/2016,4.5273
1110,11/5/2016,4.5477
1111,12/5/2016,4.5567
1112,13/5/2016,4.5567
1113,14/5/2016,4.5757
1114,15/5/2016,4.5416
1115,16/5/2016,4.5378
1116,17/5/2016,4.5462
1117,18/5/2016,4.3871
1118,19/5/2016,4.4268
1119,20/5/2016,4.4319
1120,21/5/2016,4.3932
1121,22/5/2016,4.4415
1122,23/5/2016,4.4598
1123,24/5/2016,4.496
1124,25/5/2016,4.5338
1125,26/5/2016,4.7345999999999995
1126,27/5/2016,5.3004
1127,28/5/2016,5.2623
1128,29/5/2016,5.3386000000000005
1129,30/5/2016,5.3139
1130,31/5/2016,5.369199999999999
1131,1/6/2016,5.379700000000001
1132,2/6/2016,5.6919
1133,3/6/2016,5.7273000000000005
1134,4/6/2016,5.7498000000000005
1135,5/6/2016,5.8553999999999995
1136,6/6/2016,5.766
1137,7/6/2016,5.8164
1138,8/6/2016,5.7463
1139,9/6/2016,5.7747
1140,10/6/2016,6.0673
1141,11/6/2016,6.727799999999999
1142,12/6/2016,7.0438
1143,13/6/2016,6.855599999999999
1144,14/6/2016,6.9447
1145,15/6/2016,7.663099999999999
1146,16/6/2016,7.4891
1147,17/6/2016,7.5623000000000005
1148,18/6/2016,7.6377999999999995
1149,19/6/2016,7.3723
1150,20/6/2016,6.6665
1151,21/6/2016,5.9612
1152,22/6/2016,6.2398
1153,23/6/2016,6.653
1154,24/6/2016,6.6512
1155,25/6/2016,6.2937
1156,26/6/2016,6.5527
1157,27/6/2016,6.47
1158,28/6/2016,6.3989
1159,29/6/2016,6.7334000000000005
1160,30/6/2016,6.763
1161,1/7/2016,7.037000000000001
1162,2/7/2016,6.5866
1163,3/7/2016,6.8366
1164,4/7/2016,6.7063
1165,5/7/2016,6.773300000000001
1166,6/7/2016,6.4056
1167,7/7/2016,6.6652
1168,8/7/2016,6.509600000000001
1169,9/7/2016,6.4936
1170,10/7/2016,6.4765999999999995
1171,11/7/2016,6.645499999999999
1172,12/7/2016,6.544700000000001
1173,13/7/2016,6.5808
1174,14/7/2016,6.6325
1175,15/7/2016,6.6076999999999995
1176,16/7/2016,6.7946
1177,17/7/2016,6.7311000000000005
1178,18/7/2016,6.7286
1179,19/7/2016,6.6568
1180,20/7/2016,6.6501
1181,21/7/2016,6.5062
1182,22/7/2016,6.555599999999999
1183,23/7/2016,6.6128
1184,24/7/2016,6.541
1185,25/7/2016,6.517799999999999
1186,26/7/2016,6.5435
1187,27/7/2016,6.5503
1188,28/7/2016,6.5699000000000005
1189,29/7/2016,6.5504999999999995
1190,30/7/2016,6.2467999999999995
1191,31/7/2016,6.0626999999999995
1192,1/8/2016,5.4747
1193,2/8/2016,5.6636
1194,3/8/2016,5.7829
1195,4/8/2016,5.7504
1196,5/8/2016,5.8778
1197,6/8/2016,5.926900000000001
1198,7/8/2016,5.9105
1199,8/8/2016,5.877999999999999
1200,9/8/2016,5.921
1201,10/8/2016,5.8912
1202,11/8/2016,5.8755999999999995
1203,12/8/2016,5.8559
1204,13/8/2016,5.7047
1205,14/8/2016,5.6724
1206,15/8/2016,5.774400000000001
1207,16/8/2016,5.732200000000001
1208,17/8/2016,5.743200000000001
1209,18/8/2016,5.7562999999999995
1210,19/8/2016,5.817
1211,20/8/2016,5.8130999999999995
1212,21/8/2016,5.8675
1213,22/8/2016,5.834099999999999
1214,23/8/2016,5.801799999999999
1215,24/8/2016,5.7776
1216,25/8/2016,5.7965
1217,26/8/2016,5.6995000000000005
1218,27/8/2016,5.7391
1219,28/8/2016,5.7411
1220,29/8/2016,5.775
1221,30/8/2016,5.754700000000001
1222,31/8/2016,5.723
1223,1/9/2016,5.7554
1224,2/9/2016,5.9821
1225,3/9/2016,6.0863
1226,4/9/2016,6.0659
1227,5/9/2016,6.104400000000001
1228,6/9/2016,6.1453999999999995
1229,7/9/2016,6.2632
1230,8/9/2016,6.2286
1231,9/9/2016,6.2351
1232,10/9/2016,6.067200000000001
1233,11/9/2016,6.0824
1234,12/9/2016,6.0924000000000005
1235,13/9/2016,6.1068
1236,14/9/2016,6.0714999999999995
1237,15/9/2016,6.0697
1238,16/9/2016,6.0598
1239,17/9/2016,6.0987
1240,18/9/2016,6.0923
1241,19/9/2016,6.083099999999999
1242,20/9/2016,5.9715
1243,21/9/2016,5.962999999999999
1244,22/9/2016,6.0284
1245,23/9/2016,6.0263
1246,24/9/2016,6.0083
1247,25/9/2016,6.0804
1248,26/9/2016,6.061699999999999
1249,27/9/2016,6.0473
1250,28/9/2016,6.056900000000001
1251,29/9/2016,6.0974
1252,30/9/2016,6.1398
1253,1/10/2016,6.1089
1254,2/10/2016,6.1213
1255,3/10/2016,6.102
1256,4/10/2016,6.1251
1257,5/10/2016,6.130199999999999
1258,6/10/2016,6.1712
1259,7/10/2016,6.1911000000000005
1260,8/10/2016,6.1675
1261,9/10/2016,6.1899
1262,10/10/2016,6.4107
1263,11/10/2016,6.3619
1264,12/10/2016,6.3679
1265,13/10/2016,6.4038
1266,14/10/2016,6.3865
1267,15/10/2016,6.4163
1268,16/10/2016,6.391900000000001
1269,17/10/2016,6.3796
1270,18/10/2016,6.3052
1271,19/10/2016,6.3086
1272,20/10/2016,6.3283000000000005
1273,21/10/2016,6.5729
1274,22/10/2016,6.5707
1275,23/10/2016,6.5376
1276,24/10/2016,6.575900000000001
1277,25/10/2016,6.7829999999999995
1278,26/10/2016,6.8831
1279,27/10/2016,6.8965
1280,28/10/2016,7.1448
1281,29/10/2016,7.0186
1282,30/10/2016,7.0097000000000005
1283,31/10/2016,7.297899999999999
1284,1/11/2016,7.4083000000000006
1285,2/11/2016,6.8870000000000005
1286,3/11/2016,7.0324
1287,4/11/2016,7.034199999999999
1288,5/11/2016,7.1152
1289,6/11/2016,7.0313
1290,7/11/2016,7.0985000000000005
1291,8/11/2016,7.2326999999999995
1292,9/11/2016,7.1552999999999995
1293,10/11/2016,7.1640999999999995
1294,11/11/2016,7.0504999999999995
1295,12/11/2016,7.0203
1296,13/11/2016,7.0502
1297,14/11/2016,7.1162
1298,15/11/2016,7.442
1299,16/11/2016,7.409800000000001
1300,17/11/2016,7.5159
1301,18/11/2016,7.5162
1302,19/11/2016,7.3103
1303,20/11/2016,7.3925
1304,21/11/2016,7.5135000000000005
1305,22/11/2016,7.4459
1306,23/11/2016,7.4029
1307,24/11/2016,7.4165
1308,25/11/2016,7.3538
1309,26/11/2016,7.3203
1310,27/11/2016,7.358099999999999
1311,28/11/2016,7.356
1312,29/11/2016,7.456900000000001
1313,30/11/2016,7.567699999999999
1314,1/12/2016,7.779400000000001
1315,2/12/2016,7.7115
1316,3/12/2016,7.7387
1317,4/12/2016,7.587000000000001
1318,5/12/2016,7.6422
1319,6/12/2016,7.6813
1320,7/12/2016,7.708099999999999
1321,8/12/2016,7.7279
1322,9/12/2016,7.7465
1323,10/12/2016,7.6973
1324,11/12/2016,7.8009
1325,12/12/2016,7.805599999999999
1326,13/12/2016,7.8148
1327,14/12/2016,7.7809
1328,15/12/2016,7.8491
1329,16/12/2016,7.9083000000000006
1330,17/12/2016,7.9052999999999995
1331,18/12/2016,7.9271
1332,19/12/2016,8.0088
1333,20/12/2016,8.3428
1334,21/12/2016,8.6454
1335,22/12/2016,9.2198
1336,23/12/2016,8.9882
1337,24/12/2016,8.9618
1338,25/12/2016,9.0761
1339,26/12/2016,9.332
1340,27/12/2016,9.7592
1341,28/12/2016,9.735
1342,29/12/2016,9.612400000000001
1343,30/12/2016,9.6374
1344,31/12/2016,9.9833
1345,1/1/2017,10.2175
1346,2/1/2017,10.4384
1347,3/1/2017,11.5473
1348,4/1/2017,10.1338
1349,5/1/2017,9.022
1350,6/1/2017,9.0859
1351,7/1/2017,9.112
1352,8/1/2017,9.0283
1353,9/1/2017,9.076799999999999
1354,10/1/2017,7.7776
1355,11/1/2017,8.048300000000001
1356,12/1/2017,8.2398
1357,13/1/2017,8.184099999999999
1358,14/1/2017,8.218
1359,15/1/2017,8.3153
1360,16/1/2017,9.0794
1361,17/1/2017,8.8662
1362,18/1/2017,8.9907
1363,19/1/2017,8.9503
1364,20/1/2017,9.2179
1365,21/1/2017,9.246699999999999
1366,22/1/2017,9.2101
1367,23/1/2017,8.9269
1368,24/1/2017,9.0154
1369,25/1/2017,9.1759
1370,26/1/2017,9.1975
1371,27/1/2017,9.2159
1372,28/1/2017,9.195
1373,29/1/2017,9.2038
1374,30/1/2017,9.704
1375,31/1/2017,9.8902
1376,1/2/2017,10.118
1377,2/2/2017,10.299100000000001
1378,3/2/2017,10.429
1379,4/2/2017,10.273399999999999
1380,5/2/2017,10.3815
1381,6/2/2017,10.613499999999998
1382,7/2/2017,10.6307
1383,8/2/2017,9.9438
1384,9/2/2017,9.8867
1385,10/2/2017,10.044500000000001
1386,11/2/2017,9.9918
1387,12/2/2017,9.9064
1388,13/2/2017,10.045499999999999
1389,14/2/2017,10.0748
1390,15/2/2017,10.2744
1391,16/2/2017,10.4621
1392,17/2/2017,10.5442
1393,18/2/2017,10.478699999999998
1394,19/2/2017,10.7998
1395,20/2/2017,11.152999999999999
1396,21/2/2017,11.1744
1397,22/2/2017,11.667200000000001
1398,23/2/2017,11.7368
1399,24/2/2017,11.4384
1400,25/2/2017,11.652000000000001
1401,26/2/2017,11.7997
1402,27/2/2017,11.7997
1403,28/2/2017,12.225
1404,1/3/2017,12.5101
1405,2/3/2017,12.7499
1406,3/3/2017,12.5515
1407,4/3/2017,12.671199999999999
1408,5/3/2017,12.728299999999999
1409,6/3/2017,12.2354
1410,7/3/2017,11.5
1411,8/3/2017,11.8849
1412,9/3/2017,11.167200000000001
1413,10/3/2017,11.758299999999998
1414,11/3/2017,12.2138
1415,12/3/2017,12.3192
1416,13/3/2017,12.4
1417,14/3/2017,12.496099999999998
1418,15/3/2017,11.8781
1419,16/3/2017,11.0023
1420,17/3/2017,9.7382
1421,18/3/2017,10.3674
1422,19/3/2017,10.542300000000001
1423,20/3/2017,11.2054
1424,21/3/2017,10.4914
1425,22/3/2017,10.3859
1426,23/3/2017,9.3752
1427,24/3/2017,9.7278
1428,25/3/2017,9.667300000000001
1429,26/3/2017,10.457699999999999
1430,27/3/2017,10.4715
1431,28/3/2017,10.399700000000001
1432,29/3/2017,10.2643
1433,30/3/2017,10.7179
1434,31/3/2017,10.805
1435,1/4/2017,11.021700000000001
1436,2/4/2017,11.438099999999999
1437,3/4/2017,11.3325
1438,4/4/2017,11.2478
1439,5/4/2017,11.8268
1440,6/4/2017,11.769
1441,7/4/2017,11.759500000000001
1442,8/4/2017,11.878699999999998
1443,9/4/2017,11.871300000000002
1444,10/4/2017,12.0501
1445,11/4/2017,12.003699999999998
1446,12/4/2017,11.6928
1447,13/4/2017,11.6754
1448,14/4/2017,11.7252
1449,15/4/2017,11.8294
1450,16/4/2017,11.939100000000002
1451,17/4/2017,12.116700000000002
1452,18/4/2017,12.1029
1453,19/4/2017,12.290799999999999
1454,20/4/2017,12.2205
1455,21/4/2017,12.3171
1456,22/4/2017,12.0721
1457,23/4/2017,12.5015
1458,24/4/2017,12.6549
1459,25/4/2017,12.810799999999999
1460,26/4/2017,13.1773
1461,27/4/2017,13.1648
1462,28/4/2017,13.2179
1463,29/4/2017,13.478900000000001
1464,30/4/2017,14.216
1465,1/5/2017,14.5282
1466,2/5/2017,14.9009
1467,3/5/2017,15.376700000000001
1468,4/5/2017,15.5545
1469,5/5/2017,15.788
1470,6/5/2017,15.9671
1471,7/5/2017,17.2335
1472,8/5/2017,17.5536
1473,9/5/2017,17.8713
1474,10/5/2017,18.485699999999998
1475,11/5/2017,17.2424
1476,12/5/2017,18.0491
1477,13/5/2017,18.089100000000002
1478,14/5/2017,17.3843
1479,15/5/2017,17.3445
1480,16/5/2017,18.3909
1481,17/5/2017,18.8865
1482,18/5/2017,19.8771
1483,19/5/2017,20.8473
1484,20/5/2017,20.412
1485,21/5/2017,21.734
1486,22/5/2017,23.2042
1487,23/5/2017,24.4364
1488,24/5/2017,23.0498
1489,25/5/2017,22.0242
1490,26/5/2017,20.3887
1491,27/5/2017,21.558000000000003
1492,28/5/2017,22.5561
1493,29/5/2017,21.7547
1494,30/5/2017,22.864099999999997
1495,31/5/2017,24.0788
1496,1/6/2017,24.8855
1497,2/6/2017,25.153499999999998
1498,3/6/2017,25.1181
1499,4/6/2017,26.8681
1500,5/6/2017,28.631999999999998
1501,6/6/2017,27.3216
1502,7/6/2017,28.0562
1503,8/6/2017,28.2381
1504,9/6/2017,29.4771
1505,10/6/2017,29.581100000000003
1506,11/6/2017,26.5963
1507,12/6/2017,27.1702
1508,13/6/2017,25.063699999999997
1509,14/6/2017,24.645799999999998
1510,15/6/2017,25.1856
1511,16/6/2017,26.5588
1512,17/6/2017,25.4829
1513,18/6/2017,25.896
1514,19/6/2017,27.2179
1515,20/6/2017,26.891
1516,21/6/2017,27.0541
1517,22/6/2017,27.449099999999998
1518,23/6/2017,26.0872
1519,24/6/2017,25.894099999999998
1520,25/6/2017,24.784499999999998
1521,26/6/2017,25.5245
1522,27/6/2017,25.7479
1523,28/6/2017,25.3932
1524,29/6/2017,24.808400000000002
1525,30/6/2017,24.3455
1526,1/7/2017,25.0647
1527,2/7/2017,25.6406
1528,3/7/2017,26.016399999999997
1529,4/7/2017,26.019899999999996
1530,5/7/2017,26.0856
1531,6/7/2017,25.1866
1532,7/7/2017,25.7134
1533,8/7/2017,25.1844
1534,9/7/2017,23.7256
1535,10/7/2017,23.3779
1536,11/7/2017,23.988400000000002
1537,12/7/2017,23.579
1538,13/7/2017,22.3334
1539,14/7/2017,19.988599999999998
1540,15/7/2017,19.298199999999998
1541,16/7/2017,22.2841
1542,17/7/2017,23.1888
1543,18/7/2017,22.734299999999998
1544,19/7/2017,28.176
1545,20/7/2017,26.6776
1546,21/7/2017,28.1012
1547,22/7/2017,27.304000000000002
1548,23/7/2017,27.5486
1549,24/7/2017,25.7648
1550,25/7/2017,25.2945
1551,26/7/2017,26.7178
1552,27/7/2017,28.090100000000003
1553,28/7/2017,27.264499999999998
1554,29/7/2017,27.5718
1555,30/7/2017,28.753400000000003
1556,31/7/2017,27.1826
1557,1/8/2017,27.1067
1558,2/8/2017,28.0473
1559,3/8/2017,28.9589
1560,4/8/2017,32.5291
1561,5/8/2017,32.1394
1562,6/8/2017,33.7894
1563,7/8/2017,34.1994
1564,8/8/2017,33.4247
1565,9/8/2017,33.8128
1566,10/8/2017,36.5062
1567,11/8/2017,38.8471
1568,12/8/2017,40.732600000000005
1569,13/8/2017,43.2513
1570,14/8/2017,41.819300000000005
1571,15/8/2017,43.7663
1572,16/8/2017,43.3169
1573,17/8/2017,41.6062
1574,18/8/2017,41.937
1575,19/8/2017,40.876599999999996
1576,20/8/2017,40.017399999999995
1577,21/8/2017,41.0052
1578,22/8/2017,41.51520000000001
1579,23/8/2017,43.3468
1580,24/8/2017,43.716
1581,25/8/2017,43.523999999999994
1582,26/8/2017,43.8288
1583,27/8/2017,43.8266
1584,28/8/2017,45.790200000000006
1585,29/8/2017,45.653
1586,30/8/2017,47.0339
1587,31/8/2017,48.920100000000005
1588,1/9/2017,45.7877
1589,2/9/2017,45.8296
1590,3/9/2017,42.3631
1591,4/9/2017,43.765299999999996
1592,5/9/2017,45.971199999999996
1593,6/9/2017,45.9988
1594,7/9/2017,42.2875
1595,8/9/2017,42.260600000000004
1596,9/9/2017,41.2294
1597,10/9/2017,41.612700000000004
1598,11/9/2017,41.3081
1599,12/9/2017,38.825900000000004
1600,13/9/2017,31.5495
1601,14/9/2017,36.3752
1602,15/9/2017,36.2504
1603,16/9/2017,35.8288
1604,17/9/2017,40.652
1605,18/9/2017,39.2497
1606,19/9/2017,39.0595
1607,20/9/2017,36.3104
1608,21/9/2017,36.306999999999995
1609,22/9/2017,37.924
1610,23/9/2017,36.8284
1611,24/9/2017,39.2607
1612,25/9/2017,38.9235
1613,26/9/2017,42.0067
1614,27/9/2017,41.747299999999996
1615,28/9/2017,41.6307
1616,29/9/2017,43.387100000000004
1617,30/9/2017,44.0374
1618,1/10/2017,44.093199999999996
1619,2/10/2017,43.1748
1620,3/10/2017,42.2936
1621,4/10/2017,43.284099999999995
1622,5/10/2017,43.7081
1623,6/10/2017,44.2689
1624,7/10/2017,46.1048
1625,8/10/2017,47.720200000000006
1626,9/10/2017,47.8199
1627,10/10/2017,48.264799999999994
1628,11/10/2017,54.4691
1629,12/10/2017,56.4721
1630,13/10/2017,58.3179
1631,14/10/2017,56.78189999999999
1632,15/10/2017,57.255900000000004
1633,16/10/2017,56.0551
1634,17/10/2017,55.90689999999999
1635,18/10/2017,57.08520000000001
1636,19/10/2017,60.1145
1637,20/10/2017,60.316
1638,21/10/2017,60.0842
1639,22/10/2017,59.3032
1640,23/10/2017,55.266400000000004
1641,24/10/2017,57.508
1642,25/10/2017,59.0483
1643,26/10/2017,57.809
1644,27/10/2017,57.5309
1645,28/10/2017,61.538500000000006
1646,29/10/2017,61.305299999999995
1647,30/10/2017,64.684
1648,31/10/2017,67.6731
1649,1/11/2017,70.785
1650,2/11/2017,72.0776
1651,3/11/2017,73.7995
1652,4/11/2017,74.0741
1653,5/11/2017,70.2276
1654,6/11/2017,71.4438
1655,7/11/2017,74.59689999999999
1656,8/11/2017,71.4358
1657,9/11/2017,66.1814
1658,10/11/2017,63.576
1659,11/11/2017,59.500699999999995
1660,12/11/2017,65.5949
1661,13/11/2017,66.3575
1662,14/11/2017,73.1554
1663,15/11/2017,78.7169
1664,16/11/2017,77.0899
1665,17/11/2017,77.9015
1666,18/11/2017,80.36489999999999
1667,19/11/2017,82.0064
1668,20/11/2017,80.71260000000001
1669,21/11/2017,82.5355
1670,22/11/2017,80.38770000000001
1671,23/11/2017,82.5369
1672,24/11/2017,87.9092
1673,25/11/2017,93.3055
1674,26/11/2017,98.18350000000001
1675,27/11/2017,100.588
1676,28/11/2017,98.8861
1677,29/11/2017,102.336
1678,30/11/2017,109.756
1679,1/12/2017,110.74600000000001
1680,2/12/2017,113.23200000000001
1681,3/12/2017,116.572
1682,4/12/2017,119.167
1683,5/12/2017,142.915
1684,6/12/2017,178.997
1685,7/12/2017,165.69400000000002
1686,8/12/2017,151.782
1687,9/12/2017,154.554
1688,10/12/2017,169.368
1689,11/12/2017,174.15400000000002
1690,12/12/2017,164.082
1691,13/12/2017,165.64
1692,14/12/2017,177.06900000000002
1693,15/12/2017,194.97400000000002
1694,16/12/2017,191.408
1695,17/12/2017,191.142
1696,18/12/2017,177.767
1697,19/12/2017,166.24599999999998
1698,20/12/2017,158.029
1699,21/12/2017,138.31799999999998
1700,22/12/2017,146.99200000000002
1701,23/12/2017,139.25799999999998
1702,24/12/2017,140.266
1703,25/12/2017,160.998
1704,26/12/2017,158.385
1705,27/12/2017,146.065
1706,28/12/2017,146.562
1707,29/12/2017,129.52200000000002
1708,30/12/2017,141.564
1709,31/12/2017,136.572
1710,1/1/2018,149.821
1711,2/1/2018,152.01
1712,3/1/2018,155.99200000000002
1713,4/1/2018,174.295
1714,5/1/2018,175.27
1715,6/1/2018,164.77599999999998
1716,7/1/2018,151.701
1717,8/1/2018,145.954
1718,9/1/2018,149.733
1719,10/1/2018,134.058
1720,11/1/2018,139.806
1721,12/1/2018,143.602
1722,13/1/2018,137.72
1723,14/1/2018,138.19799999999998
1724,15/1/2018,114.905
1725,16/1/2018,111.88600000000001
1726,17/1/2018,114.749
1727,18/1/2018,116.074
1728,19/1/2018,128.99200000000002
1729,20/1/2018,116.001
1730,21/1/2018,109.314
1731,22/1/2018,108.684
1732,23/1/2018,113.594
1733,24/1/2018,112.594
1734,25/1/2018,111.714
1735,26/1/2018,114.40700000000001
1736,27/1/2018,117.863
1737,28/1/2018,112.964
1738,29/1/2018,101.06299999999999
1739,30/1/2018,102.211
1740,31/1/2018,91.70540000000001
1741,1/2/2018,88.3075
1742,2/2/2018,91.7491
1743,3/2/2018,82.7701
1744,4/2/2018,69.5527
1745,5/2/2018,77.54
1746,6/2/2018,76.21300000000001
1747,7/2/2018,82.6559
1748,8/2/2018,87.3698
1749,9/2/2018,86.219
1750,10/2/2018,81.2997
1751,11/2/2018,89.2657
1752,12/2/2018,85.9831
1753,13/2/2018,94.9463
1754,14/2/2018,101.664
1755,15/2/2018,102.339
1756,16/2/2018,111.12700000000001
1757,17/2/2018,105.51799999999999
1758,18/2/2018,112.25299999999999
1759,19/2/2018,114.037
1760,20/2/2018,106.904
1761,21/2/2018,100.05
1762,22/2/2018,103.01100000000001
1763,23/2/2018,98.13069999999999
1764,24/2/2018,96.6473
1765,25/2/2018,103.667
1766,26/2/2018,107.256
1767,27/2/2018,103.979
1768,28/2/2018,109.51
1769,1/3/2018,110.86399999999999
1770,2/3/2018,114.897
1771,3/3/2018,115.126
